race,positives,recall
Abu Dhabi Grand Prix,92,0.43478260869565216
Chinese Grand Prix,65,0.7384615384615385
Dutch Grand Prix,222,0.6756756756756757
Hungarian Grand Prix,147,0.54421768707483
Pre-Season Track Session,47,0.46808510638297873
Spanish Grand Prix,192,0.7760416666666666
