model,pr_auc,roc_auc,f1,precision,recall,brier,threshold,fit_time_sec,inference_time_sec,best_params
random_forest,0.42703706875577335,0.8937656996235003,0.3979381443298969,0.9414634146341463,0.2522875816993464,0.036109692832910004,0.6471671817385299,40.19027304649353,0.053604841232299805,"{""model__max_depth"": null, ""model__max_features"": ""sqrt"", ""model__min_samples_leaf"": 5, ""model__n_estimators"": 200}"
gradient_boosting,0.4184504594722745,0.8740755249402361,0.3379978471474704,0.9573170731707317,0.20522875816993463,0.1564476872235867,0.966306399515731,94.16399693489075,0.01907515525817871,"{""model__learning_rate"": 0.05, ""model__max_depth"": 3, ""model__n_estimators"": 200}"
decision_tree,0.3935264071731826,0.8252184958461802,0.41297935103244837,0.8333333333333334,0.27450980392156865,0.12545541240392832,0.9221453971283256,3.1851820945739746,0.006691694259643555,"{""model__max_depth"": 6, ""model__min_samples_leaf"": 200}"
logistic_regression,0.29415395495340796,0.8559425996476847,0.24427480916030533,0.7368421052631579,0.14640522875816994,0.09555746703686764,0.8698283755551557,3.689648151397705,0.007660865783691406,"{""model__C"": 0.1, ""model__penalty"": ""l2""}"
majority_baseline,0.03463419051068453,,0.0,0.0,0.0,0.03463419051068453,1.1,0.015739917755126953,0.013607263565063477,{}
